Event,Type,Begin Date,End Date,Summary,CPI-AUnadjusted  Estimated Cost (in Billions),Deaths
Southern/Eastern/Northwestern Drought and Heat Wave2024,Drought,"January 1, 2024","December 31, 2024","Drought conditions impacted many Southern, Eastern and Northwestern states. This drought was more transient in its impacts over numerous states throughout the year. The states of Texas, Oklahoma and Kansas had some of the highest losses to crops from the effects of drought and heat. As the drought changed in intensity and duration throughout the year across several regions of the country. Several Northwestern states also had costly impacted to agriculture including Montana, Idaho and Washington. Numerous southern and eastern states from Mississippi through Pennsylvania also experienced crop impacts that were most severe in the Summer months. The drought conditions also strengthen through the Fall and Winter months impacting Maryland, Delaware and New Jersey. It was also one of the hottest years on record for a number of these states, which claimed more than 100 lives from excessive heat exposure.",$5.4 CI,136
Hurricane FrancineSeptember 2024,Tropical Cyclone,"September 11, 2024","September 12, 2024","Category 2 Hurricane Francine made landfall in Terrebonne Parish, Louisiana on September 11, with 100 mph sustained winds. The storm caused wind and flood damage to homes, vehicles, businesses and other infrastructure across coastal Louisiana. Francine also produced heavy precipitation in parts of Alabama and Georgia. Muscle Shoals, AL recorded a three-day rainfall total of 9.02 inches beginning on September 12, which is its third highest 3-day total on record since 1893.",$1.3 CI,0
Central and Eastern Tornado Outbreak and Severe WeatherJuly 2024,Severe Storm,"July 13, 2024","July 16, 2024","An outbreak producing more than 79 tornadoes developed across many central and eastern states. There were also over 1,000 reports of high wind and hail damage during this multi-day event. On July 15, this outbreak spawned 32 tornadoes and broke the Chicago-area record for the most tornadoes in a day. The states most impacted were Illinois, Indiana, Minnesota, Pennsylvania and New York that experienced considerable damage to homes, businesses, vehicles and other infrastructure.",$2.4 CI,2
Hurricane BerylJuly 2024,Tropical Cyclone,"July 8, 2024","July 8, 2024","Category 1 Hurricane Beryl made landfall in Texas on July 8 producing widespread high wind damage, as the storm was restrengthening at landfall. One significant impact were power outages that impacted millions of people for days. Beryl also produced more than 50 tornadoes across eastern Texas, western Louisiana and southern Arkansas. On July 1, Beryl became the earliest Category 5 hurricane and the second Category 5 on record during the month of July in the Atlantic Ocean.",$7.2 CI,46
Central and Northeast Severe WeatherJune 2024,Severe Storm,"June 24, 2024","June 26, 2024","High wind, hail and tornadoes impact numerous central and northeastern states on June 24-26. Several states were impacted by tornadoes including Nebraska, Iowa, Pennsylvania, Rhode Island and Massachusetts. On June 25, an EF-3 tornado hit Whitman, Nebraska and the surrounding area. It was the first strong tornado to impact Grant County, Nebraska in more than 70 years. On June 26, a tornado that impacted Providence County, Rhode Island was the first June tornado reported in the state since records began in 1950.",$1.7 CI,3
Central and Eastern Severe WeatherJune 2024,Severe Storm,"June 12, 2024","June 14, 2024","Damaging hail, high wind and tornadoes impact several central and eastern states including Missouri, Iowa, Kansas, Nebraska, Minnesota, Ohio, Michigan and Pennsylvania on June 12-14. Central and northern Minnesota received damage from quarter to golf ball sized hail while the metro region of Omaha, Nebraska experienced up to baseball sized hail damaging homes, vehicles and businesses. There were also two dozen tornadoes and hundreds of damaging wind reports across these states.",$1.2 CI,0
Colorado Hail Storms and Southern Severe WeatherMay 2024,Severe Storm,"May 31, 2024","June 1, 2024","Severe hail storms caused damage across eastern Colorado, with numerous reports of golf ball to baseball-sized hail. There was considerable damage to homes, vehicles, businesses and other infrastructure. Severe storms also produced high wind damage across Texas.",$3.0 CI,0
Texas Hail StormsMay 2024,Severe Storm,"May 27, 2024","May 28, 2024","Golfball to softball-sized hail caused extensive damage across north and east Texas. Some of these hail storms impacted major cities including Dallas and Houston where homes, vehicles, businesses and other infrastructure were damaged.",$2.3 CI,1
Central Tornado OutbreakMay 2024,Severe Storm,"May 25, 2024","May 26, 2024","An outbreak producing more than 110 tornadoes developed across many central states. The states most affected include Missouri, Arkansas, Texas, Oklahoma, Illinois and Kentucky causing widespread damage to homes, businesses, vehicles, agriculture and other infrastructure. On May 25, an EF-3 tornado tracked through the Montague, Cooke and Denton counties of Texas, with maximum winds of 140 mph that caused seven fatalities and at least 100 injuries.",$3.5 CI,16
"Central, Southern, Eastern Severe WeatherMay 2024",Severe Storm,"May 18, 2024","May 22, 2024","Severe storms across many central, southern and eastern states produced widespread impacts from several dozen tornadoes, severe hail and high winds. The states most impacted were Nebraska, Kansas, Oklahoma, Texas, Iowa and Wisconsin, as each experienced considerable damage to homes, vehicles, businesses, agriculture and additional infrastructure. On May 21, an EF-4 tornado cut a 44-mile path across southeast Iowa, with peak wind speeds of 175-185 mph. The town of Greenfield, Iowa was heavily damaged. Multiple 'Particularly Dangerous Situation (PDS)' watches were issued by NOAA's National Weather Service for these states, during this multi-day sequence. Several eastern states also sustained high wind damage from these storms.",$4.9 CI,5
Southern DerechoMay 2024,Severe Storm,"May 16, 2024","May 17, 2024","A rare southern derecho event produced high wind damage from Texas to Florida. Central and eastern Texas were impacted by high winds at times exceeding 100 mph. These winds also ripped through downtown Houston blowing out numerous windows in skyscrapers causing considerable damage. Louisiana, Alabama and Florida also were impacted by damaging winds impacting many homes, vehicles and businesses.",$1.6 CI,8
Southern Severe WeatherMay 2024,Severe Storm,"May 11, 2024","May 13, 2024","Damaging hail, tornadoes and high wind impact central and eastern Texas, southern Louisiana and the Florida Panhandle on May 11-13. In addition to golf ball sized hail in Texas, more than a dozen tornadoes cause damage to homes, vehicles, businesses and other infrastructure in near coastal counties of Louisiana, Texas and Florida.",$1.1 CI,1
"Central, Southern, Southeastern Tornado OutbreakMay 2024",Severe Storm,"May 6, 2024","May 9, 2024","An outbreak producing more than 165 tornadoes developed across many central, southern and southeastern states. The states most affected include Oklahoma, Kansas, Nebraska, Michigan, Indiana, Ohio, Kentucky, Tennessee, Alabama, North Carolina, South Carolina, Georgia and Florida. This multi-day tornado outbreak produced at least 61 EF-0, 79 EF-1, 13 EF-2, three EF-3, one EF-4 tornado and dozens of EF-U (unknown/unrated) tornadoes, causing widespread damage to homes, businesses, vehicles, agriculture and other infrastructure. The towns of Barnsdall and Bartlesville, Oklahoma were impacted by an EF-4 tornado that caused extensive damage.",$6.6 CI,3
Central and Southern Tornado OutbreakApril 2024,Severe Storm,"April 26, 2024","April 28, 2024","An outbreak producing more than 140 tornadoes developed across several central and southern states including Nebraska, Iowa, Kansas, Missouri, Oklahoma and Texas causing widespread damage to many homes, businesses, vehicles, agriculture and other infrastructure. Eastern Nebraska was particularly impacted by numerous strong tornadoes. Lincoln narrowly avoided a direct hit, with a large tornado touching down on the edge of the city. The same storm also spawned a mile-wide tornado that heavily damaged the towns of Elkhorn, Bennington, and Blair on the outskirts of Omaha. On April 27, an EF-4 tornado struck Marietta, Oklahoma damaging a large commercial distribution center. Near downtown Omaha another EF-3 touched down at Eppley Airfield, which destroyed several hangars and airplanes. Several tornadoes also touched down close to Topeka, Kansas while an EF-3 tornado caused extensive damage to the town of Westmoreland.",$1.7 CI,3
Southern and Eastern Severe WeatherApril 2024,Severe Storm,"April 8, 2024","April 11, 2024","Southern and eastern severe weather produced tornadoes, hail and high wind, from Texas to Virginia. The event began with severe hail and high wind impacts across central and eastern Texas, followed by more than 20 tornadoes impacting the Gulf Coast counties of Louisiana, Mississippi, Alabama and Florida. There were additional high wind and tornado impacts in North Carolina and Virginia.",$2.7 CI,0
Central Tornado Outbreak and Eastern Severe WeatherApril 2024,Severe Storm,"April 1, 2024","April 3, 2024","A central tornado outbreak produced more than 85 tornadoes across a three-day period from Oklahoma to West Virginia. This outbreak included 19 EF-0, 52 EF-1 and 14 EF-2 tornadoes, which were most concentrated across the Ohio River Valley on April 1-2. These tornadoes and severe weather impacts across several eastern states caused damage to homes, businesses, vehicles and other infrastructure.",$2.5 CI,3
Central and Southern Severe WeatherMarch 2024,Severe Storm,"March 12, 2024","March 14, 2024","Damaging hail, tornadoes and high wind from severe storms impact many Central and Southern states. Kansas, Oklahoma and Missouri were affected by up to baseball-sized hail damaging homes, vehicles, businesses. Illinois, Indiana and Ohio were impacted by hail, high wind and dozens of tornadoes including a deadly EF-3 striking northwest Ohio.",$6.2 CI,3
Southern Severe WeatherFebruary 2024,Severe Storm,"February 10, 2024","February 12, 2024","Severe storms produced up to golf ball sized hail across central and eastern Texas causing damage to homes, vehicles and businesses. Additional damage from hail and high winds and training thunderstorms caused flooding across portions of Louisiana, Alabama, Georgia, Florida and North Carolina.",$1.1 CI,0
"Central, Southern, Northeastern Winter Storm and Cold WaveJanuary 2024",Winter Storm,"January 14, 2024","January 18, 2024","A bitterly cold airmass affected numerous central and southern states most including Illinois, Missouri, Kansas, Texas, Mississippi, Arkansas, Tennessee and Georgia. This long-duration cold wave produced sleet and freezing rain accumulations into the deep south, across much of Mississippi. High winds also pushed wind chills well below zero for many states contributing to dozens of fatalities, many in Tennessee. Damage also occurred to homes, vehicles and businesses from the high winds and frozen precipitation.",$1.9 CI,41
Southern Tornado Outbreak and East Coast StormJanuary 2024,Severe Storm,"January 8, 2024","January 10, 2024","Southern tornado outbreak and east coast storm impacted more than a dozen states. At least 39 preliminary tornadoes were clustered around the Florida Panhandle through the Carolinas while hundreds of high wind reports were scattered up the East Coast reflecting damage to homes, businesses, vehicles and other infrastructure. The strongest tornado was an EF-3 that caused significant damage around Panama City Beach, Florida, after an intense waterspout moved onshore.",$2.8 CI,3
Southern/Midwestern Drought and HeatwaveSpring-Fall 2023,Drought,"April 1, 2023","September 30, 2023","Drought conditions impacted numerous Southern and Midwestern states (TX, LA, OK, KS, IL, MO, NE) and surrounding states. The agriculture sector has been impacted across these affected states including damage to field crops from lack of rainfall. Ranchers have also been forced to sell-off livestock early in some regions due to high feeding costs. For the second straight year, portions of the Mississippi River have experienced low water levels impacting river commerce. This low flow has also allowed salt water from the Gulf of Mexico to migrate northward, along the bottom of the Mississippi River, impacting water quality in southern Louisiana. Several Northwestern states including Washington, Oregon and Montana have also been impacted by increasing drought effects.",$14.8 CI,247
Southern Hail StormsSeptember 2023,Severe Storm,"September 23, 2023","September 24, 2023","Hail storms impact Texas, Oklahoma and Missouri. The most damaging impacts were in central Texas including Austin, Georgetown, Round Rock and Arlington on September 24. Towns north of Austin in particular were impacted by baseball sized hail causing damage to homes, vehicles and businesses.",$1.7 CI,0
Central Severe WeatherJune 2023,Severe Storm,"June 28, 2023","July 2, 2023","Severe storms caused damage across numerous Central states. The state most impacted were Missouri, Illinois and Indiana while there were also damage in many surrounding states. The damage to many homes, vehicles, businesses and agriculture assets was largely from high wind and damaging hail but there were also scattered tornado impacts.",$2.0 CI,3
Rockies Hail Storms and Central and Eastern Severe WeatherJune 2023,Severe Storm,"June 21, 2023","June 26, 2023","Severe hail storms across Colorado damaged many homes, vehicles and injured approximately 100 people at a large outdoor concert. This multi-day outbreak of severe weather also produced more than 60 tornadoes across portions of Wyoming, Colorado, Minnesota, Indiana, Kentucky and Arkansas that caused damage to homes, businesses, vehicles, agriculture and other infrastructure.",$5.5 CI,8
Central and Southern Severe WeatherJune 2023,Severe Storm,"June 15, 2023","June 18, 2023","Severe storms produce over one thousand reports of damaging weather across Oklahoma, Texas, Mississippi, Georgia, Florida, Arkansas and Ohio. Among these reports were over 70 preliminary tornadoes including an EF-3 tornado in Louin, Mississippi. This combination of high winds, hail and tornadoes caused damage to homes, businesses, vehicles, agriculture and other infrastructure. The damage was most focused in Oklahoma.",$3.9 CI,5
Southern Severe WeatherJune 2023,Severe Storm,"June 11, 2023","June 14, 2023","Numerous southern states including Texas, Louisiana, Mississippi, Alabama, Georgia, Tennessee, Arkansas, South Carolina and Florida were impacted by hail, tornadoes and high winds. These storms caused damage to many homes, vehicles and businesses across several days of severe storm activity.",$4.2 CI,0
Texas Hail StormsMay 2023,Severe Storm,"May 18, 2023","May 19, 2023","Texas hail storms impact numerous counties across north central Texas. Collin county in particular was impacted by golf ball to tennis ball sized hail causing damage to homes, vehicles and businesses.",$1.7 CI,0
Central and Eastern Tornadoes and Hail StormsMay 2023,Severe Storm,"May 10, 2023","May 12, 2023","Dozens of tornadoes and severe hail storms from the eastern Rockies and across several central states. The most costly severe hail impacts were focused in Colorado while numerous tornadoes also impacted western Kansas, central Oklahoma and eastern Nebraska. Texas and North Dakota were also impacted from combination of high winds, hail and isolated tornadoes with damage to homes, businesses, vehicles, farms and other infrastructure.",$3.6 CI,1
Central Severe WeatherMay 2023,Severe Storm,"May 6, 2023","May 8, 2023","Severe weather across numerous central states including Missouri, Illinois, Iowa, and Indiana. There was additional damage in Kentucky, Tennessee, South Carolina and Texas. Large hail, high winds and torandoes caused widespread impact to many homes, businesses, vehicles, farms and other infrastructure.",$2.2 CI,1
Southern Severe WeatherApril 2023,Severe Storm,"April 25, 2023","April 27, 2023","Southern severe weather across Texas, Georgia and Florida. Considerable hail and wind damage to many homes, businesses, vehicles and other infrastructure.",$1.4 CI,0
Central Severe WeatherApril 2023,Severe Storm,"April 19, 2023","April 20, 2023","Severe hail, scattered tornadoes and high winds caused damage across numerous central states. Central Oklahoma was impacted by a cluster of tornadoes. Texas, Missouri, Nebraska, Kansas, Iowa, Illinois and Wisconsin was impacted by hail and high wind damage from severe storms.",$3.1 CI,1
Central and Southern Severe WeatherApril 2023,Severe Storm,"April 15, 2023","April 15, 2023","Several central and southern states including Missouri, Arkansas, Illinois, Texas, Louisiana and the Florida Panhandle were impacted by hail, tornadoes and high winds. These storms caused damage to many homes, vehicles and businesses.",$1.4 CI,0
Central and Eastern Severe WeatherApril 2023,Severe Storm,"April 4, 2023","April 6, 2023","Severe storms produced large hail, high winds and more than 35 tornadoes across many central and southern states. The states most affected were Illinois, Kentucky, Iowa, Indiana, Ohio, Missouri and Michigan where there was considerable damage to homes, businesses, agriculture, vehicles and other infrastructure.",$3.0 CI,5
Central Tornado Outbreak and Eastern Severe WeatherMarch 2023,Severe Storm,"March 31, 2023","April 1, 2023","A historic tornado outbreak across numerous central states caused widespread damage from at least 145 tornadoes. States most impacted were Illinois, Indiana, Ohio, Missouri, Iowa, Arkansas, Tennessee and Pennsylvania where there was severe damage to homes, businesses, vehicles, agriculture and other infrastructure.",$5.9 CI,33
Southern and Eastern Severe WeatherApril 2023,Severe Storm,"March 24, 2023","March 26, 2023","Southern and eastern severe storms including more than 40 tornadoes caused damage across Mississippi, Alabama, Georgia, Tennessee to many homes, businesses, vehicles and other infrastructure. Additional high wind damage occurred in parts of Ohio, West Virginia and Pennsylvania.",$3.0 CI,23
Southern and Eastern Severe WeatherMarch 2023,Severe Storm,"March 2, 2023","March 3, 2023","Severe storms impact numerous southern and eastern states including Texas, Alabama, Mississippi, Tennessee, Kentucky, Indiana and Ohio. Impacts from high wind and tornadoes cause widespread damage to homes, vehicles, businesses, government buildings and infrastructure.",$6.2 CI,13
Western/Central Drought and Heat Wave2022,Drought,"January 1, 2022","December 31, 2022","Severe drought conditions impacted many Western and Central states. Large reservoirs across the West including Lake Mead, Lake Powell, Lake Oroville, and Shasta Lake, among others continue to be depleted. Lake Mead, the Nation's largest reservoir, is nearing dead pool status and is at the lowest level since it was filled in the 1930s. The Great Salt Lake is also near record-low levels. The impacts of the drought affected crop production across may states and sharply increased feeding costs for livestock. Many segments of the Mississippi River also experienced low water levels causing delays and reductions in river commerce. Extreme heat also developed for many days across Western and Central states. These excess heat conditions caused more than one hundred heat-related fatalities focused across Arizona, Nevada, California, Oregon and Texas. The 2022 drought was one of the costlier droughts on record, with a diverse array of direct impacts across different regions and industries.",$23.5 CI,136
Central and Eastern Winter Storm and Cold WaveDecember 2022,Winter Storm,"December 21, 2022","December 26, 2022","Historic winter storm and powerful arctic front caused significant impact across much of the nation, bringing heavy rains, snow, ice and high winds that sent temperatures plummeting. More than 200 million people were under a winter weather advisory or warning and more than a million customers, from Texas to Maine, were left without power. Buffalo, New York was paralyzed by near hurricane force winds and continuous snow squalls, which contributed to dozens of fatalities in the region. Additional impacts were widespread frozen water pipes that led to extensive water damage in many homes, businesses and to other critical infrastructure.",$9.0 CI,87
Central Severe WeatherJune 2022,Severe Storm,"June 7, 2022","June 8, 2022","Severe weather produced damaging hail, high wind and damage from more than two dozen tornadoes across numerous states including Colorado, Nebraska, Kansas, Missouri, Oklahoma, Texas, Iowa and Ohio. Hail and high wind damage was severe across much of Nebraska causing widespread damage to homes, businesses, vehicles, farms and agriculture and other infrastructure.",$2.0 CI,0
North Central Hail StormsMay 2022,Severe Storm,"May 19, 2022","May 19, 2022","Severe hail storms with numerous reports of golf-balled sized hail causing damage across southeastern Minnesota and western Wisconsin. These hail storms were south of the hail storms that damaged many homes, vehicles and businesses just 10 days earlier on May 9.",$2.6 CI,0
Southern and Central Severe WeatherMay 2022,Severe Storm,"May 1, 2022","May 3, 2022","Severe weather producing high winds and large, damaging hail impacted several Southern and Central states including Texas, Oklahoma, Ohio and Pennsylvania. Many homes, businesses, vehicles and agriculture assets were damaged.",$1.2 CI,1
Southern Severe WeatherApril 2022,Severe Storm,"April 11, 2022","April 13, 2022","Severe weather including hundreds of damaging wind reports and dozens of tornadoes occurred across Arkansas, Louisiana, Mississippi, Alabama, Texas, Tennessee and Kentucky. On April 11, tornadoes and damaging hail was focused across central Arkansas causing damage to homes, vehicles, outbuildings and farms and vegetation. April 12 and 13 produced widespread high wind reports and dozens of tornadoes across central Mississippi, northeast Arkansas and west-central Kentucky. These tornadoes produced damage to homes, businesses, farms, outbuildings and other infrastructure. There was also considerable hail damage across Wisconsin and Minnesota.",$2.9 CI,1
Southeast Tornado OutbreakApril 2022,Severe Storm,"April 4, 2022","April 6, 2022","A tornado outbreak on April 4-6 with a combined 100 preliminary tornadoes reported. The tornadoes occurred across Texas, Louisiana, Mississippi, Alabama, Georgia, Florida and South Carolina. Many of these tornadoes were clustered along the southern regions of Mississippi, Alabama, Georgia and South Carolina. During this three-day period many of these tornadoes were rated as either EF-1 or EF-0, but there were also nine EF-2, three EF-3 and one EF-4 tornado. This EF-4 occurred in Pembroke, Georgia on April 5th with winds of 185 mph that destroyed several neighborhoods. Many of the other tornadoes across the South caused considerable damage to homes, businesses, vehicles, and other infrastructure.",$1.5 CI,3
Southern Tornado OutbreakMarch 2022,Severe Storm,"March 30, 2022","March 30, 2022","An outbreak of 83 tornadoes was focused across the Gulf Coast states including Louisiana, Mississippi, Alabama, and Florida.",$1.4 CI,2
Texas Hail StormsFebruary 2022,Severe Storm,"February 21, 2022","February 22, 2022","Overnight hail storms impacted numerous counties across north central Texas. In particular, the counties of Denton, Collin and Wise were impacted by ping pong to golf ball sized hail causing damage to homes, vehicles and businesses.",$1.1 CI,0
"Southeast, Central Tornado OutbreakDecember 2021",Severe Storm,"December 10, 2021","December 10, 2021","Historic December tornado outbreak across several southeast and central states caused devastating damage across many towns and cities. This outbreak produced two long-tracked EF-4 tornadoes across Arkansas, Missouri, Tennessee and Kentucky. The longest tornado track was nearly 166 miles across Kentucky and a small portion of Tennessee. This was the longest-tracked tornado on record in Kentucky and was a U.S. record tornado track length for the month of December. There were over 800 total miles of tornado path length on December 10. The peak intensity from this outbreak was EF-4 rated wind speeds of 190 mph in Mayfield, Kentucky. This day was also the deadliest December tornado outbreak recorded in the United States surpassing the Vicksburg, Mississippi tornado of December 5, 1953, which caused 38 fatalities.",$4.5 CI,93
Hurricane NicholasSeptember 2021,Tropical Cyclone,"September 14, 2021","September 18, 2021","Category 1 Hurricane Nicholas made landfall near Sargent Beach, Texas on September 14 and moved slowly toward Louisiana over the next several days. This slow progression helped to produce flooding rainfall across regions of the Gulf Coast that were already saturated from Hurricane Ida.",$1.2 CI,0
North Central Severe WeatherAugust 2021,Severe Storm,"August 10, 2021","August 13, 2021","Widespread high wind impacts across numerous North Central states including Illinois, Michigan, Wisconsin, Indiana, Ohio and Missouri. This multi-day event caused damage to infrastructure, homes, vehicles and businesses.",$1.5 CI,2
Central Severe StormsJuly 2021,Severe Storm,"July 8, 2021","July 11, 2021","Severe storms caused considerable hail damage across numerous Central states including Missouri, Nebraska, Iowa, South Dakota, North Dakota, New Mexico and Texas. There was also widespread high wind damage to homes, vehicles and businesses in many other surrounding states.",$1.3 CI,0
Central Severe StormsJune 2021,Severe Storm,"June 24, 2021","June 26, 2021","A combination of thunderstorm high winds, hail and tornadoes affected numerous Central states. The states most affected included Michigan, Illinois, Indiana, Ohio, Missouri, Kansas and Texas with damage to homes, businesses, vehicles and agriculture.",$1.5 CI,0
Louisiana FloodingMay 2021,Flooding,"May 17, 2021","May 18, 2021","Torrential rainfall from thunderstorms across Louisiana and coastal Texas caused widespread flooding and resulted in hundreds of water rescues. Baton Rouge and Lake Charles experienced flood damage to thousands of homes, vehicles and businesses, as more than 12 inches of rain fell. Lake Charles also continues to recover from the widespread damage caused by Hurricanes Laura and Delta less than 9 months before this flood event.",$1.6 CI,5
Southern Tornadoes and Southeast Severe WeatherMay 2021,Severe Storm,"May 2, 2021","May 4, 2021","Tornadoes and severe storms with widespread high wind and large hail cause damage across many Southern and Southeastern states including Mississippi, Texas, Arkansas, Alabama, Georgia, South Carolina, North Carolina, and Tennessee. There were over 111 confirmed tornadoes largely clustered in central Mississippi and surrounding states.",$1.5 CI,4
Texas and Oklahoma Severe WeatherApril 2021,Severe Storm,"April 27, 2021","April 28, 2021","Severe weather including tornadoes, high wind, localized flooding and large hail cause widespread impacts across central Texas and Oklahoma. There was considerable damage across Texas and Oklahoma to many homes, vehicles and businesses particularly from hail storms. Several of the more impacted areas include west of San Antonio, north of Fort Worth, and southwest of San Marcos.",$3.7 CI,0
Texas Hail StormsApril 2021,Severe Storm,"April 12, 2021","April 15, 2021","A series of hail storms impacted central Texas causing damage to many homes, vehicles and businesses. There was considerable hail damage northeast of Austin, west of Georgetown and southwest of The Woodlands.",$1.8 CI,0
Eastern Severe WeatherMarch 2021,Severe Storm,"March 27, 2021","March 28, 2021","Severe weather producing hail, high wind and more than two dozen tornadoes impacted numerous states including Arkansas, Alabama, Georgia, Mississippi, South Carolina, North Carolina and Virginia. Tennessee was also affected with significant flooding in Nashville and surrounding areas that damaged businesses, homes and vehicles. There were also many high wind damage reports across Pennsylvania, Maryland and New Jersey.",$1.6 CI,8
Southeast Tornadoes and Severe WeatherMarch 2021,Severe Storm,"March 24, 2021","March 25, 2021","At least 41 tornadoes impact several states including Kentucky, Tennessee, Mississippi, Alabama and Georgia. These included one EF-4, four EF-3s, ten EF-2s and approximately two-dozen EF-1 or EF-0 tornadoes. The strongest of these tornadoes were focused across central Alabama and western Georgia with tracks across the entire width of Alabama. There was widespread damage to homes, businesses, vehicles and infrastructure.",$2.0 CI,6
"Northwest, Central, Eastern Winter Storm and Cold WaveFebruary 2021",Winter Storm,"February 10, 2021","February 19, 2021","Historic cold wave and winter storm impacts many northwest, central and eastern states. Temperature departures exceeding 40.0 degrees F (22.2 degrees C) below normal occurred from Nebraska southward to Texas. The prolonged arctic air caused widespread power outages in Texas, as well as other southern states, with multiple days of sustained below-freezing temperatures. At the peak of the outage, nearly 10 million people were without power. Additional impacts were frozen water pipes, which burst upon thawing causing water damage to buildings. These extreme conditions also caused or contributed to the direct and indirect deaths of more than 210 people in Texas alone. This count does not include excess mortality that may be hundreds of additional deaths. There were also snow and ice impacts across numerous states including Oklahoma, Arkansas, Missouri, Illinois, Kentucky, Tennessee, Louisiana, Mississippi, Colorado, Oregon and Washington. This is now the costliest U.S. winter storm event on record, more than doubling the inflation-adjusted cost of the 'Storm of the Century' that occurred in March 1993.",$27.2 CI,262
Western/Central Drought and Heat WaveSummer-Fall 2020,Drought,"June 1, 2020","December 30, 2020","Widespread, continuous drought and record heat affected more than a dozen Western and Central states for much of the summer, fall and into the winter months. Persistent above-average temperatures and precipitation deficits caused D3 (extreme) and D4 (exceptional) drought coverage in December that was the largest extent since August 2012. Death Valley recorded a temperature of 130 degrees F - the highest measured temperature globally in decades - while Los Angeles county recorded a record high of 121 degrees F. There were considerable crop and livestock impacts across the West and Central states from both the persistent heat and increasingly dry conditions. The combined drought and heat also assisted in drying out vegetation across the West that contributed to the Western wildfire potential and severity.",$5.4 CI,45
Hurricane DeltaOctober 2020,Tropical Cyclone,"October 9, 2020","October 11, 2020","Hurricane Delta was a category 2 hurricane that made landfall near Creole, Louisiana with winds of 100 mph on October 9. This was nearly the same location in which category 4 Hurricane Laura made landfall 6 weeks prior. Heavy rainfall, high winds, storm surge, and nearly one dozen EF-0 or EF-1 tornadoes caused damage across several states including Louisiana, eastern Texas, Mississippi and Georgia.",$3.5 CI,5
Hurricane LauraAugust 2020,Tropical Cyclone,"August 27, 2020","August 28, 2020","Hurricane Laura was a powerful category 4 that made landfall at Cameron Parish, in southwestern Louisiana on August 27. Winds up to 150 mph and storm surge in excess of 15 feet caused heavy damage along the coast and inland to the city of Lake Charles. Many broken water systems and a severely damaged electrical grid in southern Louisiana will slow the recovery process. Laura was the strongest hurricane (by maximum sustained windspeed at landfall) to hit Louisiana since the 1856 Last Island hurricane. Laura also had highest landfall wind speed to impact the U.S. since Hurricane Michael in 2018. There were additional impacts to surrounding states including Texas, Mississippi and Arkansas.",$28.1 CI,42
Hurricane HannaJuly 2020,Tropical Cyclone,"July 25, 2020","July 26, 2020","Category 1 Hurricane Hanna made landfall at Padre Island, Texas on July 25 with sustained winds of 90 miles per hour. The impacts from wind, wave action and flooding were most notable in damaging coastal infrastructure and to the agriculture sector. The crop damage was most focused across the Rio Grande Valley in southern Texas.",$1.3 CI,0
South Texas Hail StormsMay 2020,Severe Storm,"May 27, 2020","May 27, 2020","South Texas hail storms cause widespread impact to several cities with golf-ball sized hail damaging many homes, vehicles and businesses. The highest concentration of hail damage occurred across the northern portion of the San Antonio metroplex. There was also significant damage east of San Marcos, southeast of Waco and to the west and south of Bryan and College Station.",$1.7 CI,0
"South, Central and Eastern Severe WeatherMay 2020",Severe Storm,"May 20, 2020","May 23, 2020","A combination of thunderstorm high winds, hail and tornadoes affected numerous Southern, Central and Eastern states. The states most affected included Texas, Illinois and North Carolina with damage to homes, businesses and vehicles. Oklahoma, Arkansas, Indiana, Tennessee, Alabama, Georgia, Florida and South Carolina.",$1.9 CI,2
"Central, Southern and Eastern Severe WeatherApril 2020",Severe Storm,"April 27, 2020","April 30, 2020","Severe weather across many Central, Southern and Eastern states produced primarily large hail and high winds that caused widespread damage to many homes, vehicles and businesses. The states affected included Oklahoma, Texas, Missouri, Arkansas, Louisiana, Virginia, Pennsylvania, Maryland, Delaware and New Jersey.",$1.3 CI,1
Southern Severe WeatherApril 2020,Severe Storm,"April 21, 2020","April 23, 2020","Severe weather caused damage across many Southern states. The states most affected from a combination of high winds, hail and tornadoes included Texas, Oklahoma, Louisiana, Mississippi, Alabama, Georgia, Florida and Virginia. The states with the highest damage totals for the event were Oklahoma, Louisiana and Texas.",$1.7 CI,3
Southeast and Eastern Tornado OutbreakApril 2020,Severe Storm,"April 12, 2020","April 13, 2020","Outbreak of at least 140 tornadoes from Texas to Maryland including 3 EF4s, 12 EF3s, 20 EF2s, 77 EF1s and 28 EF0s. Damage was extensive and highly destructive to many homes, vehicles and businesses across more than a dozen Southeast and Eastern states.",$4.2 CI,35
Midwest and Ohio Valley Severe WeatherMarch 2020,Severe Storm,"March 27, 2020","March 28, 2020","Severe weather caused damage across many Midwest and Ohio Valley states including Missouri, Oklahoma, Texas, Illinois, Indiana, Ohio, Arkansas, Kentucky, Tennessee, West Virginia and Pennsylvania. The states most affected from a combination of high winds and hail were Missouri, Ohio and Arkansas. There were also two dozen tornadoes across Iowa, Illinois, Indiana and Arkansas causing additional damage.",$3.1 CI,0
Southeast Tornadoes and Northern Storms and FloodingJanuary 2020,Severe Storm,"January 10, 2020","January 12, 2020","More than 80 tornadoes and severe storms caused damage across many southeastern states (AL, AR, GA, IL, IN, KY, LA, MS, MO, NC, OH, SC, TN, TX, VA, WI). Storms and severe flooding also impacted northern states including Michigan, Wisconsin and New York. Significant damage occurred along the shoreline of Lake Michigan to roads, the foundation of homes and to Port Milwaukee. These powerful waves were generated by high winds and a lack of seasonal ice cover.",$1.4 CI,10
Texas Tornadoes and Central Severe WeatherOctober 2019,Severe Storm,"October 20, 2019","October 20, 2019","Numerous tornadoes caused widespread damage across northern Dallas damaging thousands of homes, vehicles, businesses and other public infrastructure. Tornadoes up to EF-3 intensity with maximum winds of 140 mph tracked across a large section of highly developed northern Dallas. Additionally high winds and hail damage also caused damage in other states including Oklahoma, Missouri, Arkansas, Louisiana and Tennessee.",$2.1 CI,2
Tropical Storm ImeldaSeptember 2019,Tropical Cyclone,"September 17, 2019","September 21, 2019","Tropical storm and its remnants cause 24 to 36 inches of rainfall over a 3-day period across a large area between Houston and Beaumont, Texas. The largest storm total, 43.39 inches, was reported at North Fork Taylors Bayou, Texas. Many thousands of homes, cars and businesses were impacted by flood water due to this extraordinarily heavy rainfall. Imelda is yet another of the historically extreme rainfall and flood events that have become a regular occurrence across Southeast Texas over the last 5 years.",$6.2 CI,5
"Mississippi River, Midwest and Southern FloodingJuly 2019",Flooding,"March 15, 2019","July 31, 2019","Additional major flooding impacted many Southern Plains states significantly affecting agriculture, roads, bridges, levees, dams and other assets across many cities and towns. The states most affected were Oklahoma, Nebraska, Missouri, Illinois, Kansas, Arkansas, Kentucky, Tennessee, Texas, Mississippi and Louisiana. Very high water levels also disrupted barge traffic along the Mississippi River, which negatively impacted a variety of dependent industries. Indiana and Ohio were also affected by persistent heavy rainfall that flooded farmland, which prevented and reduced crop planting by millions of acres.",$7.6 CI,4
Central Severe WeatherMay 2019,Severe Storm,"May 16, 2019","May 18, 2019","Central severe storms across the Illinois, Indiana, Iowa and Texas damaged many homes, businesses and vehicles.",$1.2 CI,0
South and Southeast Severe WeatherMay 2019,Severe Storm,"May 7, 2019","May 13, 2019","Persistent severe storms impacted numerous states from Texas to North Carolina (TX, OK, KS, AR, LA, MS, AL, NC). Tornadoes and damaging hail particularly affected Texas, Louisiana and North Carolina focused across the Raleigh metro region.",$1.9 CI,0
Southern and Eastern Tornadoes and Severe WeatherApril 2019,Severe Storm,"April 13, 2019","April 14, 2019","Tornado outbreak and severe storms impacted many states (TX, LA, MS, AL, GA, NC, OH and PA). More than 50 tornadoes occurred across central Mississippi and Alabama causing damage to vehicles, homes and businesses. More than 25 additional tornadoes also caused damage across several eastern states from Georgia to Pennsylvania. These severe storms also delivered damaging hail and high wind damage that was widespread across many Southern and and Eastern states.",$1.6 CI,7
Texas Hail StormMarch 2019,Severe Storm,"March 22, 2019","March 24, 2019","Texas hail storm over the Dallas metroplex damaged many homes, businesses and vehicles. Oklahoma also received hail damage resulting from the same severe weather system.",$1.9 CI,0
Southwest/Southern Plains DroughtSummer-Fall 2018,Drought,"June 1, 2018","December 30, 2018","Drought conditions were present across numerous Southwestern and Plains states (TX, OK, KS, MO, CO, NM, AZ, UT). The most extreme drought conditions continue to persist across the Four Corners region of the Southwest. The agriculture sector has been impacted across the affected states including damage to field crops from lack of rainfall. Ranchers have also be forced to sell-off livestock early in some regions due to high feeding costs.",$3.8 CI,0
Texas Hail StormJune 2018,Severe Storm,"June 6, 2018","June 6, 2018","Large-hail impacts highly-populated area of the Dallas-Ft. Worth metroplex. Golfball to baseball-sized hail damages many homes, vehicles and businesses.",$1.6 CI,0
Central and Eastern Severe WeatherMay 2018,Severe Storm,"May 13, 2018","May 15, 2018","Severe storm damage across many Central states including TX, KS, CO, OK, MO, IL, IN, IA and OH. This was followed by a derecho event across the Northeastern states of MD, NJ, NY, PA, VA, WV, MA and CT that caused widespread high wind damage. Also, there were one dozen tornadoes reported across PA, NY and CT causing further damage.",$1.7 CI,5
Central and Northeast Severe WeatherMay 2018,Severe Storm,"May 1, 2018","May 4, 2018","Numerous central states (KS, NE, OK, TX, NM, MO, IA, IL, IN, OH, WI) were impacted by large hail and tornadoes. Several northeastern states including NY, PA and VT were also impacted by high wind damage from severe storms.",$1.8 CI,0
Southern and Eastern Tornadoes and Severe WeatherApril 2018,Severe Storm,"April 13, 2018","April 16, 2018","Tornadoes and severe storms with large hail cause widespread damage across many Southern and Eastern states (AR, FL, GA, LA, MD, MI, MS, MO, NJ, NY, NC, PA, SC, TX, VA) over a multi-day period. There were over 70 confirmed tornadoes largely clustered in Louisiana, Mississippi, North Carolina and Virginia. This same system also caused winter storm impacts of high wind and ice accumulation in northeastern states.",$1.7 CI,3
Southeastern Tornadoes and Severe WeatherMarch 2018,Severe Storm,"March 18, 2018","March 21, 2018","A potent severe storm system caused over 20 tornadoes across Alabama and also widespread hail damage from Texas to Florida. Most notably this system produced an EF-3 tornado that caused extensive damage in Jacksonville, Alabama and across the campus of Jacksonville State University.",$1.8 CI,0
Hurricane HarveyAugust 2017,Tropical Cyclone,"August 25, 2017","August 31, 2017","Category 4 hurricane made landfall near Rockport, Texas causing widespread damage. Harvey's devastation was most pronounced due to the large region of extreme rainfall producing historic flooding across Houston and surrounding areas. More than 30 inches of rainfall fell on 6.9 million people, while 1.25 million experienced over 45 inches and 11,000 had over 50 inches, based on 7-day rainfall totals ending August 31. This historic U.S. rainfall caused massive flooding that displaced over 30,000 people and damaged or destroyed over 200,000 homes and businesses.",$160.0 CI,89
Midwest Severe WeatherJune 2017,Severe Storm,"June 12, 2017","June 16, 2017","Severe hail, high winds and numerous tornadoes impact many states over several days including WY, TX, NE, KS, MO, IA, IL, PA, VA, NY.",$1.9 CI,0
Colorado Hail Storm and Central Severe WeatherMay 2017,Severe Storm,"May 8, 2017","May 11, 2017","Hail storm and wind damage impacting several states including CO, OK, TX, NM, MO. The most costly impacts were in the Denver metro region where baseball-sized hail caused the most expensive hail storm in Colorado history, with insured losses exceeding $2.2 ($2.8) billion.",$4.3 CI,0
Missouri and Arkansas Flooding and Central Severe WeatherMay 2017,Flooding,"April 25, 2017","May 7, 2017","A period of heavy rainfall up to 15 inches over a multi-state region in the Midwest caused historic levels of flooding along many rivers. The flooding was most severe in Missouri, Arkansas and southern Illinois where levees were breached and towns were flooded. There was widespread damage to homes, businesses, infrastructure and agriculture. Severe storms also caused additional impacts during the flooding event across a number of central and southern states.",$2.2 CI,20
South and Southeast Severe WeatherApril 2017,Severe Storm,"April 20, 2017","April 22, 2017","Severe weather including hail, high winds and several tornadoes impacted Oklahoma, Texas, Tennessee, South Carolina, North Carolina and Virginia. These conditions caused damage to homes, businesses, vehicles and other infrastructure.",$1.2* CI,0
Southeast Severe Weather and TornadoesApril 2017,Severe Storm,"April 4, 2017","April 6, 2017","Severe weather and tornadoes impact numerous southern and eastern states. The states most impacted include Alabama, Georgia and Kentucky.",$1.3 CI,1
South/Southeast Severe WeatherMarch 2017,Severe Storm,"March 26, 2017","March 28, 2017","Large hail and high winds in Texas north of the Dallas metro region caused widespread damage to structures and vehicles. Severe storms also caused damage across several other states (OK, TN, KY, MS, AL) due to the combination of high winds, hail and tornadoes.",$3.5 CI,0
Southern Tornado Outbreak and Western StormsJanuary 2017,Severe Storm,"January 20, 2017","January 22, 2017","High wind damage occurred across southern California near San Diego followed by 79 confirmed tornadoes during an outbreak across many southern states including AL, FL, GA, LA, MS, SC and TX. This was the 3rd most tornadoes to occur in a single outbreak of extreme weather during a winter month (Dec.-Feb.) based on records from 1950.",$1.4 CI,24
Rockies/Central Tornadoes and Severe WeatherMay 2016,Severe Storm,"May 21, 2016","May 26, 2016","Sustained period of severe thunderstorms and tornadoes affecting several states including Montana, Colorado, Kansas, Missouri and Texas. The most concentrated days for tornado development were on May 22 and 24. Additional damage was created by straight-line high wind and hail damage.",$1.5 CI,0
Plains Tornadoes and Central Severe WeatherMay 2016,Severe Storm,"May 8, 2016","May 11, 2016","Tornadoes and severe storms cause widespread damage across the Plains and Central states (NE, MO, TX, OK, KS, CO, IL, KY, TN) over a multi-day period. The damage from tornadoes and high wind was most costly in Nebraska and Missouri.",$2.3 CI,2
South/Southeast TornadoesApril 2016,Severe Storm,"April 26, 2016","May 2, 2016",Large outbreak of tornadoes affects numerous states across the South and Southeast. Additional damage also from large hail and straight-line wind during the multi-day thunderstorm event.,$3.2 CI,6
Houston FloodingApril 2016,Flooding,"April 17, 2016","April 18, 2016","A period of extreme rainfall up to 17 inches created widespread urban flooding in Houston and surrounding suburbs. Thousands of homes and businesses were damaged and more than 1,800 high water rescues were conducted. This represents the most widespread flooding event to affect Houston since Tropical Storm Allison in 2001.",$3.6 CI,8
North/Central Texas Hail StormApril 2016,Severe Storm,"April 10, 2016","April 12, 2016","Widespread severe hail damage across north and central Texas including the cities of Plano, Wylie, Frisco, Allen and San Antonio. The damage in San Antonio was particularly severe as the National Weather Service verified reports of hail size reaching 4.5 inches in diameter. This ranks as one of the most costly hail events to affect the United States.",$4.6 CI,0
North Texas Hail StormMarch 2016,Severe Storm,"March 23, 2016","March 24, 2016","Large hail and strong winds caused considerable damage in heavily populated areas of north Texas. This damage was most notable in the cities of Dallas, Fort Worth and Plano.",$2.7 CI,0
Southern Severe WeatherMarch 2016,Severe Storm,"March 17, 2016","March 18, 2016","Severe hail impacts the Fort Worth and Arlington metro region in Texas. Additional large hail and high wind damage occurred in other locations of Texas, Louisiana and Mississippi.",$1.6 CI,1
Texas and Louisiana FloodingMarch 2016,Flooding,"March 8, 2016","March 12, 2016","Multiple days of heavy rainfall averaging 15 to 20 inches led to widespread flooding along the Sabine River basin on the Texas and Louisiana border. This prompted numerous evacuations, high-water rescues and destruction, as more than 1,000 homes and businesses were damaged or destroyed.",$3.1 CI,5
Southeast and Eastern TornadoesFebruary 2016,Severe Storm,"February 22, 2016","February 24, 2016","Early outbreak of tornadoes and severe weather across many southern and eastern states including (AL, CT, FL, GA, LA, MA, MD, MS, NC, NJ, NY, PA, SC, TX, VA). There were at least 50 confirmed tornadoes causing widespread damage.",$1.4 CI,10
Texas Tornadoes and Midwest FloodingDecember 2015,Severe Storm,"December 26, 2015","December 29, 2015","A powerful storm system packing unseasonably strong tornadoes caused widespread destruction in the Dallas metropolitan region, damaging well over 1,000 homes and businesses. This same potent system also produced intense rainfall over several Midwestern states triggering historic flooding that has approached or broken records at river gauges in several states (MO, IL, AR, TN, MS, LA). The flooding has overtopped levees and caused damage in numerous areas. This historic storm also produced high wind, snow and ice impacts from New Mexico through the Midwest and into New England. Overall, the storm caused at least 50 deaths from the combined impact of tornadoes, flooding and winter weather.",$2.6 CI,50
Western and Alaskan WildfiresSummer-Fall 2015,Wildfire,"June 1, 2015","November 30, 2015","Wildfires burned over 10.1 million acres across the U.S. in 2015, surpassing 2006 for the highest annual total of U.S. acreage burned since record-keeping began in 1960. The most costly wildfires occurred in California where over 2,500 structures were destroyed due to the Valley and Butte wildfires with the insured losses alone exceeding $1.0 ($1.3) billion. The most extensive wildfires occurred in Alaska where over 5 million acres burned within the state. There was extensive burnt acreage across other western states, most notably (OR, WA, ID, MT, ND, CO, WY, TX).",$4.0 CI,12
Texas and Oklahoma Flooding and Severe WeatherMay 2015,Flooding,"May 23, 2015","May 26, 2015","A slow-moving system caused tremendous rainfall and subsequent flooding to occur in Texas and Oklahoma. The Blanco river in Texas swelled from 5 feet to a crest of more than 40 feet over several hours causing considerable property damage and loss of life. The city of Houston also experienced flooding which resulted in hundreds of high-water rescues. The damage in Texas alone exceeded $1.0 ($1.4) billion. There was also damage in other states (KS, CO, AR, OH, LA, GA, SC) from associated severe storms.",$3.4 CI,31
Southern Plains TornadoesMay 2015,Severe Storm,"May 6, 2015","May 10, 2015","Tornado outbreak across the Southern Plain states (IA, KS, NE, OK, CO, SD, TX) with 122 tornadoes. The most costly damage occurred across Texas and Oklahoma.",$1.7 CI,4
South and Southeast Severe WeatherApril 2015,Severe Storm,"April 24, 2015","April 25, 2015","Severe weather produced tornadoes, large hail and high wind damage across numerous southern and southeastern states including Alabama, Florida, Georgia, Kentucky, Louisiana, Mississippi and Texas. These storms caused widespread impacts to many homes, vehicles and businesses.",$1.3* CI,3
South/Southeast Severe WeatherApril 2015,Severe Storm,"April 18, 2015","April 20, 2015","Severe storms across the South and Southeastern states (AL, AR, FL, GA, KS, LA, MS, NC, OK, SC, TN, TX). High winds and severe hail created the most significant damage in Texas.",$1.7 CI,0
Midwest/Ohio Valley Severe WeatherApril 2015,Severe Storm,"April 7, 2015","April 9, 2015","Severe storms across the Midwest and Ohio Valley including the states (AR, IA, IL, IN, KS, KY, MI, MO, NC, OH, OK, PA, TN, TX, WI, WV). Large hail and high winds created the most damage across Missouri and Illinois.",$2.1 CI,2
Western Drought2014,Drought,"January 1, 2014","December 31, 2014","Historic drought conditions affected the majority of California for all of 2014 making it the worst drought on record for the state. Surrounding states and parts of Texas, Oklahoma and Kansas also experienced continued severe drought conditions. This is a continuation of drought conditions that have persisted for several years.",$5.3 CI,0
Rockies/Plains Severe WeatherSeptember 2014,Severe Storm,"September 29, 2014","October 2, 2014","Severe storms across the Rockies and Plains states (CO, KS, TX). Large hail and high winds created significant damage across eastern Colorado and Texas, particularly in the Dallas metro area.",$1.9 CI,0
Center Severe WeatherMay 2014,Severe Storm,"May 10, 2014","May 14, 2014","Severe weather including damaging hail, high winds and more than 50 tornadoes impacted Kansas, Nebraska, Missouri, Illinois, Indiana, Ohio and West Virginia. These impacts caused damage to homes, businesses, vehicles and other infrastructure.",$1.1* CI,0
Central Severe WeatherApril 2014,Severe Storm,"April 12, 2014","April 13, 2014","Severe weather produced hail and high wind damage across several central states including Illinois, Iowa, Michigan, Wisconsin and Texas. The damage was most focused in Illinois and Michigan, as storms caused impacts to many homes, vehicles and businesses.",$1.2* CI,0
Plains Severe WeatherApril 2014,Severe Storm,"April 2, 2014","April 3, 2014","Severe storms across the Plains states (IL, KS, MO, TX) causing considerable hail and wind damage in Texas.",$1.9 CI,0
Western/Plains Drought/Heat WaveSpring-Fall 2013,Drought,"March 1, 2013","November 30, 2013","The 2013 drought slowly dissipated from the historic levels of the 2012 drought, as conditions improved across many Midwestern and Plains states. However, moderate to extreme drought did remain or expand into western states (AZ, CA, CO, IA, ID, IL, KS, MI, MN, MO, ND, NE, NM, NV, OK, OR, SD, TX, UT, WA, WI, WY). In comparison to 2011 and 2012 drought conditions the US experienced only moderate crop losses across the central agriculture states.",$14.3 CI,53
Midwest/Plains/Northeast TornadoesMay 2013,Severe Storm,"May 27, 2013","May 31, 2013","Outbreak of tornadoes and severe weather over the Midwest, Plains and Northeast (IL, IN, KS, MO, NY, OK, TX) with 92 confirmed tornadoes including the deadly tornado that struck El Reno, OK. There was also significant damage resulting from hail and straight-line wind.",$2.4 CI,10
Midwest/Plains/East TornadoesMay 2013,Severe Storm,"May 18, 2013","May 22, 2013","Outbreak of tornadoes and severe weather over the Midwest, Plains and Eastern states (GA, IA, IL, KS, MO, NY, OK, TX) with 59 confirmed tornadoes including the deadly tornado that impacted Moore, OK. Many destructive tornadoes remained on the ground for an extended time.",$3.2 CI,27
Southern Severe WeatherFebruary 2013,Severe Storm,"February 24, 2013","February 25, 2013","Severe weather produced severe hail and wind damage across several southern states including Louisiana, Oklahoma and Texas. The damage was most focused in Louisiana near New Orleans, as severe hail caused significant damage costs to many homes, vehicles and businesses.",$1.3* CI,1
U.S. Drought/Heat Wave2012,Drought,"January 1, 2012","December 31, 2012","The 2012 drought is the most extensive drought to affect the U.S. since the 1930s. Moderate to extreme drought conditions affected more than half the country for a majority of 2012. The following states were affected: CA, NV, ID, MT, WY, UT, CO, AZ, NM, TX, ND, SD, NE, KS, OK, AR, MO, IA, MN, IL, IN, GA. Costly drought impacts occurred across the central agriculture states resulting in widespread harvest failure for corn, sorghum and soybean crops, among others. The associated summer heat wave also caused 123 direct deaths, but an estimate of the excess mortality due to heat stress is still unknown.",$41.7 CI,123
Western WildfiresSummer-Fall 2012,Wildfire,"June 1, 2012","November 30, 2012","Wildfires burned over 9.2 million acres across the U.S. in 2012. This is the 3rd highest annual total since the year 2000. The most damaging wildfires occurred in the western states (CO, ID, WY, MT, CA, NV, OR, WA). Colorado experienced the most costly wildfires (e.g., Waldo Canyon fire) where several hundred residences were destroyed.",$2.4 CI,8
Rockies/Southwest Severe WeatherJune 2012,Severe Storm,"June 6, 2012","June 12, 2012","Severe storms and damaging hail over several states (CO, NM, TX) with 25 confirmed tornadoes. Colorado experienced over $1.0 ($1.4) billion in damage due to hail.",$3.6 CI,0
Southern Plains/Midwest/Northeast Severe WeatherMay 2012,Severe Storm,"May 25, 2012","May 30, 2012","Severe storms over the southern plains, midwest and northeast (TX, OK, KS, MN, PA, NY) with 27 confirmed tornadoes. Significant damage also from severe hail and straight-line winds.",$3.2 CI,1
Midwest/Ohio Valley Severe WeatherApril-May 2012,Severe Storm,"April 28, 2012","May 1, 2012","Severe weather over the midwest and Ohio Valley (TX, OK, KS, MO, IL, IN, KY) with 38 confirmed tornadoes. Considerable damage resulting from hail.",$4.5 CI,1
Texas TornadoesApril 2012,Severe Storm,"April 2, 2012","April 3, 2012",Outbreak of tornadoes across the greater Dallas-Ft. Worth metropolitan area. Several moderate strength tornadoes (EF-2 and EF-3) affected towns in this area with a total of 22 confirmed tornadoes.,$1.4 CI,0
"Texas, New Mexico, Arizona WildfiresSummer-Fall 2011",Wildfire,"June 1, 2011","November 30, 2011","Continued drought conditions and periods of extreme heat provided conditions favorable for a series of historic wildfires across Texas, New Mexico and Arizona. The Bastrop Fire in Texas was the most destructive fire in Texas history destroying over 1,500 homes. The Wallow Fire consumed over 500,000 acres in Arizona making it the largest on record in Arizona. The Las Conchas Fire in New Mexico was also the state's largest wildfire on record scorching over 150,000 acres while threatening the Los Alamos National Laboratory. Over 3 million acres have burned across Texas this wildfire season.",$2.5 CI,5
Southern Plains/Southwest Drought and Heat WaveSpring-Summer 2011,Drought,"March 1, 2011","August 31, 2011","Drought and heat wave conditions created major impacts across Texas, Oklahoma, New Mexico, Arizona, southern Kansas, and western Louisiana. In Texas and Oklahoma, a majority of range and pastures were classified in ""very poor"" condition for much of the 2011 crop growing season.",$17.1 CI,95
Midwest/Southeast Tornadoes and Severe WeatherJune 2011,Severe Storm,"June 18, 2011","June 22, 2011","Outbreak of tornadoes over central states (OK, TX, KS, NE, MO, IA, IL) with an estimated 81 tornadoes. Additional wind and hail damage across the Southeast (TN, GA, NC, SC).",$2.2 CI,3
Midwest/Southeast TornadoesMay 2011,Severe Storm,"May 22, 2011","May 27, 2011","Outbreak of tornadoes over central and southern states (MO, TX, OK, KS, AR, GA, TN, VA, KY, IN, IL, OH, WI, MN, PA) with an estimated 180 tornadoes. Notably, an EF-5 tornado struck Joplin, MO resulting in at least 160 deaths, making it the deadliest single tornado to strike the U.S. since modern tornado record keeping began in 1950.",$12.7 CI,177
Southeast/Ohio Valley/Midwest TornadoesApril 2011,Severe Storm,"April 25, 2011","April 28, 2011","Outbreak of tornadoes over central and southern states (AL, AR, LA, MS, GA, TN, VA, KY, IL, MO, OH, TX, OK) with an estimated 343 tornadoes. The deadliest tornado of the outbreak, an EF-5, hit northern Alabama, killing 78 people. Several major metropolitan areas were directly impacted by strong tornadoes including Tuscaloosa, Birmingham, and Huntsville in Alabama and Chattanooga, Tennessee, causing the estimated damage costs to soar.More Info…",$14.3 CI,321
Ohio Valley Derecho and Southern TornadoesApril 2011,Severe Storm,"April 19, 2011","April 20, 2011","Dozens of tornadoes and a derecho affect numerous states (AR, IL, IN, KY, MO, OH, TN, TX) across the Ohio Valley and South.",$1.5 CI,0
Midwest/Southeast TornadoesApril 2011,Severe Storm,"April 14, 2011","April 16, 2011","Outbreak of tornadoes over central and southern states (OK, TX, AR, MS, AL, GA, NC, SC, VA, PA) with an estimated 177 tornadoes.",$2.9 CI,38
Southeast/Midwest TornadoesApril 2011,Severe Storm,"April 8, 2011","April 11, 2011","Outbreak of tornadoes over central and southern states (NC, SC, TN, AL, TX, OK, KS, IA, WI) with an estimated 59 tornadoes.",$3.1 CI,0
Groundhog Day BlizzardFebruary 2011,Winter Storm,"February 1, 2011","February 3, 2011","A large winter storm impacted many central, eastern and northeastern states. The city of Chicago was brought to a virtual standstill as between 1 and 2 feet of snow fell over the area.",$2.6 CI,36
"Oklahoma, Kansas, and Texas Tornadoes and Severe WeatherMay 2010",Severe Storm,"May 10, 2010","May 12, 2010","An outbreak of tornadoes, hail, and severe thunderstorms occurred across Oklahoma, Kansas, and Texas in mid-May. Oklahoma was hardest hit with > $1.5 ($2.2) billion in damages.",$4.8 CI,3
Southwest/Great Plains Drought2009,Drought,"January 1, 2009","December 31, 2009","Drought conditions occurred during much of the year across parts of the Southwest, Great Plains, and southern Texas causing agricultural losses in numerous states (TX, OK, KS, CA, NM, AZ). The largest agriculture losses occurred in TX and CA.",$5.2 CI,0
Western WildfiresSummer-Fall 2009,Wildfire,"June 1, 2009","November 30, 2009","Residual and sustained drought conditions across western and south-central states resulted in thousands of wildfires. Most affected states include CA, AZ, NM, TX, OK, and UT. National wildfire acreage burned exceeds 5.9 million acres. Over 200 homes and structures destroyed in the California ""Station"" fire alone.",$1.5 CI,10
"Midwest, South and East Severe WeatherJune 2009",Severe Storm,"June 9, 2009","June 12, 2009","Sustained outbreak of thunderstorms and high winds from a strong derecho event over the central, southern, and eastern states (TX, OK, MO, NE, KS, AR, AL, MS, TN, NC, SC, KY, PA).",$1.9 CI,0
Central Derecho and TornadoesMay 2009,Severe Storm,"May 7, 2009","May 9, 2009","More than 50 tornadoes and large hail from severe storms caused damage across many southeastern states (IL, KS, KY, MO, TN, TX).",$1.3* CI,7
Midwest/Southeast TornadoesMarch 2009,Severe Storm,"March 25, 2009","March 28, 2009","Outbreak of tornadoes over central and southern states (NE, KS, OK, IA, TX, LA, MS, AL, GA, TN, KY) with 56 tornadoes confirmed.",$2.4 CI,0
Southeast/Ohio Valley Severe WeatherFebruary 2009,Severe Storm,"February 10, 2009","February 11, 2009","Complex of severe thunderstorms and high winds across the region (TN, KY, OK, OH, VA, WV, PA).",$2.6 CI,10
U.S. Drought2008,Drought,"January 1, 2008","December 31, 2008","Severe drought and heat caused agricultural losses across a large portion of the U.S. Record low lake levels also occurred in areas of the southeast. The states impacted include AL, AR, CA, CO, GA, ID, IN, KS, KY, MD, MN, MS, MT, NC, ND, NJ, NM, OH, OK, OR, SC, TN, TX, UT, VA, WA and WI.",$10.5 CI,0
U.S. WildfiresFall 2008,Wildfire,"September 1, 2008","November 30, 2008","Drought conditions across numerous western, central and southeastern states (AK, AZ, CA, NM, ID, UT, MT, NV, OR, WA, CO, TX, OK, NC, FL ) resulted in thousands of wildfires; national acreage burned exceeding 5.2 million acres (mainly in the west) and over 1,000 homes and structures destroyed in California fires alone.",$1.8 CI,16
Hurricane IkeSeptember 2008,Tropical Cyclone,"September 12, 2008","September 14, 2008","Category 2 hurricane makes landfall in Texas, as the largest (in size) Atlantic hurricane on record, causing considerable storm surge in coastal TX and significant wind and flooding damage in TX, LA, AR, TN, IL, IN, KY, MO, OH, MI and PA. Severe gasoline shortages occurred in the southeast U.S. due to damaged oil platforms, storage tanks, pipelines and off-line refineries.",$43.2 CI,112
Hurricane DollyJuly 2008,Tropical Cyclone,"July 23, 2008","July 25, 2008",Category 2 hurricane makes landfall in southern Texas causing considerable wind and flooding damage in TX and NM.,$1.8 CI,3
Southern Severe WeatherApril 2008,Severe Storm,"April 9, 2008","April 11, 2008","Severe storms affect Arkansas, Oklahoma and Texas across the South.",$1.5 CI,2
Southeast Tornadoes and Severe WeatherFebruary 2008,Severe Storm,"February 5, 2008","February 6, 2008","Series of tornadoes and severe thunderstorms across the Southeast and Midwest states (AL, AR, IN, KY, MS, OH, TN, TX) with 87 tornadoes confirmed.",$1.8 CI,57
East/South Severe Weather and FloodingApril 2007,Severe Storm,"April 13, 2007","April 17, 2007","Flooding, hail, tornadoes, and severe thunderstorms across numerous states (CT, DE, GA, LA, ME, MD, MA, MS, NH, NJ, NY, NC, PA, RI, SC, TX, VT, VA) in mid-April, including 3 ""killer"" tornadoes.",$3.8 CI,9
Numerous Wildfires2006,Wildfire,"January 1, 2006","December 31, 2006","Numerous wildfires driven by dry weather and high winds burned over 9.8 million acres, across the western half of the country including Alaska. This is the second highest annual total behind the 10.1 million acres burned in 2015 since record-keeping began in 1960. The most affected states were AK, AZ, CA, CO, FL, ID, MT, NM, NV, OK, OR, TX, WA, WY",$2.3 CI,28
Midwest/Plains/Southeast DroughtSpring-Summer 2006,Drought,"March 1, 2006","August 31, 2006","Rather severe drought affected crops especially during the spring-summer, centered over the Great Plains region with other areas affected across portions of the south -- including states of ND, SD, NE, KS, OK, TX, MN, IA, MO, AR, LA, MS, AL, GA, FL, MT, WY, CO, NM.",$9.5 CI,0
Severe Storms and TornadoesMarch 2006,Severe Storm,"March 8, 2006","March 13, 2006","Outbreak of tornadoes over portions of the midwest and south during a week-long period-affecting the states of AL, AR, KY, MS, TN, TX, IN, KS, MO, and OK.",$2.1 CI,10
Hurricane RitaSeptember 2005,Tropical Cyclone,"September 20, 2005","September 24, 2005","Category 3 hurricane hits Texas-Louisiana border coastal region, creating significant storm surge and wind damage along the coast, and some inland flooding in the FL panhandle, AL, MS, LA, AR, and TX. Prior to landfall, Rita reached the third lowest pressure (897 mb) ever recorded in the Atlantic basin.",$29.4 CI,119
Southeast Severe WeatherMarch 2005,Severe Storm,"March 24, 2005","March 27, 2005","Severe storms cause widespread hail damage across numerous states including TX, AL, MS, GA, FL, NC and VA.",$1.4* CI,0
Severe Storms/HailApril 2003,Severe Storm,"April 4, 2003","April 7, 2003","Severe storms and large hail over the southern plains and lower MS valley, with Texas hardest hit, and much of the monetary losses due to hail.",$3.5 CI,3
U.S. DroughtSpring-Fall 2002,Drought,"March 1, 2002","November 30, 2002","Moderate to extreme drought over large portions of more than 30 states, including the western states, the Great Plains, and much of the eastern U.S.",$16.0 CI,0
Severe Storms and TornadoesApril 2002,Severe Storm,"April 27, 2002","April 28, 2002","Numerous tornadoes and widespread hail damage over the Central and Eastern states including NC, GA, VA, TX, AR, MO, MS, TN, IL, IN, KY, PA, MD, NY, OH, WV, and KS.",$3.7 CI,7
Tropical Storm AllisonJune 2001,Tropical Cyclone,"June 5, 2001","June 17, 2001","The persistent remnants of Tropical Storm Allison produce rainfall amounts of 30-40 inches in portions of coastal Texas and Louisiana, causing severe flooding especially in the Houston area, then moves slowly northeastward; fatalities and significant damage reported in TX, LA, MS, FL, VA, and PA",$15.1 CI,43
Midwest/Ohio Valley Hail and TornadoesApril 2001,Severe Storm,"April 6, 2001","April 11, 2001","Storms, tornadoes, and hail in the states of TX, OK, KS, NE, IA, MO, IL, IN, WI, MI, OH, KY, WV, and PA, over a 6-day period.",$5.5 CI,3
Western/Central/Southeast Drought/Heat WaveSpring-Fall 2000,Drought,"March 1, 2000","November 30, 2000","Western/Central/Southeast Drought/Heat Wave. The states impacted include AZ, AL, AR, CA, CO, FL, GA, IA, KS, LA, MS, MT, NE, NM, OK, OR, SC, TN, and TX.",$9.3 CI,140
Southern Severe WeatherMarch 2000,Severe Storm,"March 28, 2000","March 29, 2000","Severe weather produced tornadoes, hail and high wind damage across Louisiana and Texas. The damage was most focused in northeastern Texas. These storms caused impacts to many homes, vehicles and businesses.",$1.3* CI,0
Oklahoma and Kansas TornadoesMay 1999,Severe Storm,"May 3, 1999","May 6, 1999","Outbreak of F4-F5 tornadoes hit the states of Oklahoma and Kansas, along with Texas and Tennessee, Oklahoma City area hardest hit.",$3.8 CI,55
Central and Eastern Winter StormJanuary 1999,Winter Storm,"January 1, 1999","January 4, 1999","South, Southeast, Midwest, Northeast affected by damaging winter storm",$2.0 CI,25
Texas FloodingOctober 1998,Flooding,"October 16, 1998","October 24, 1998","Severe flooding in southeast Texas from 2 heavy rain events, with 10-20 inch rainfall totals",$1.8* CI,31
Southern Drought and Heat WaveSummer 1998,Drought,"June 1, 1998","August 31, 1998","Severe drought and heat wave from Texas/Oklahoma eastward to the Carolinas. The states impacted include AL, AR, FL, GA, LA, MS, NC, OK, SC, TN, TX, and VA.",$6.9 CI,200
Tropical Storm FrancesSeptember 1998,Tropical Cyclone,"August 8, 1998","August 13, 1998",Tropical Storm Frances caused extensive flooding in Texas and Louisiana. The rainfall totals from Frances were 10 to 20 inches across eastern Texas into southern Louisiana.,$1.4* CI,2
Western/Eastern Severe Weather and FloodingWinter-Spring 1998,Severe Storm,"December 1, 1997","February 28, 1998","Tornadoes and flooding cause damage across the West and Southeast. The states impacted include CA, TX, FL, AL, GA, LA, MS, NC and SC.",$2.0 CI,132
Mississippi and Ohio Valley Severe Weather and FloodingMarch 1997,Severe Storm,"February 28, 1997","March 5, 1997","Tornadoes and severe flooding hit the states of AR, MO, MS, TN, IL, IN, KY, OH, and WV, with over 10 inches of rain in 24 hours in Louisville.",$1.9 CI,67
Southern Plains DroughtSpring-Summer 1996,Drought,"March 1, 1996","August 31, 1996",Severe drought in agricultural regions of southern plains--Texas and Oklahoma most severely affected,$3.7 CI,0
Blizzard/FloodsJanuary 1996,Winter Storm,"January 1, 1996","January 31, 1996","Very heavy snowstorm (1-4 feet) over Appalachians, Mid-Atlantic, and Northeast; followed by severe flooding in parts of same area due to rain and snowmelt.",$6.1 CI,187
"Central, Southern and Northeast Drought/Heat WaveSeptember 1995",Drought,"July 1, 1995","September 30, 1995","Historic mid-July heat wave and urban heat island amplification caused hundreds of deaths across several major cities including Chicago, Milwaukee, and Philadelphia. Following the heat wave was hot, dry weather in July and August 1995 that affected crops in numerous states, as crops had not rooted well due to late planting from previous wet soils. This left crops vulnerable to a flash drought during a key portion of the growing season.",$2.0 CI,872
South Plains Severe WeatherMay 1995,Severe Storm,"May 5, 1995","May 7, 1995","Torrential rains, hail, and tornadoes across Texas-Oklahoma and southeast Louisiana-southern Mississippi, with Dallas and New Orleans areas (10-25 inch rains in 5 days) hardest hit.",$11.4 CI,32
Texas Hail StormApril 1995,Severe Storm,"April 28, 1995","April 28, 1995","Texas hail storms cause considerable impacts to many homes, vehicles and crops. These hail impacts were focused from Waco to Fort Worth.",$1.2* CI,0
Western Fire SeasonSummer-Fall 1994,Wildfire,"June 1, 1994","November 30, 1994","Severe wildfire season in the western states due to dry weather conditions. The states most impacted include CA, AZ, OR, WA, CO, UT, NV, NM and TX.",$1.5* CI,0
Texas FloodingOctober 1994,Flooding,"October 16, 1994","October 25, 1994",Torrential rain (10-25 inches in 5 days) and thunderstorms cause flooding across much of southeast Texas,$2.1 CI,19
Midwest/Plains TornadoesApril 1994,Severe Storm,"April 25, 1994","April 27, 1994","Tornadoes and severe storms cause damage in states across the South, Southeast and Midwest. The states impacted include TX, OK, AR, CO, KS, NE, IA, SD, IL, IN, MN and MO.",$2.1 CI,3
Southeast Ice StormFebruary 1994,Winter Storm,"February 8, 1994","February 13, 1994","Intense ice storm with extensive damage in portions of TX, OK, AR, LA, MS, AL, TN, GA, SC, NC, and VA.",$6.4 CI,9
East Coast Blizzard and Severe WeatherMarch 1993,Winter Storm,"March 11, 1993","March 14, 1993","The ""Storm of the Century"" impacts the entire Eastern seaboard from Florida to Maine. This historic storm dumped 2-4 feet of snow and caused hurricane force winds across many Eastern and Northeastern states. This caused power outages to over 10 million households. Additional impacts included numerous tornadoes across Florida causing substantial damage. This was the most destructive and costly winter storm to affect the United States (since 1980), until it was surpassed by the February 2021 winter storm and cold wave.",$12.2 CI,270
Southeast Severe WeatherNovember 1992,Severe Storm,"November 21, 1992","November 23, 1992","Three-day tornado outbreak strikes many Central and Eastern states including TX, LA, AL, MS, GA, AR, IN, OH, KY, TN, and NC. Major damage was reported across many areas, as more than 100 tornadoes were reported. This event remains one of the most prolific Fall season tornado outbreaks on record.",$1.5* CI,26
"Hail, TornadoesApril 1992",Severe Storm,"April 28, 1992","April 29, 1992",Severe Storms hit Oklahoma and Texas with tornadoes and hail,$2.2 CI,0
Severe StormsMarch 1992,Severe Storm,"March 24, 1992","March 25, 1992","Severe storms affect the South, Southeast. The states most impacted include Texas, Louisiana and Florida.",$1.8* CI,0
Southern FloodingMay 1990,Flooding,"May 11, 1990","May 19, 1990","Torrential rains cause flooding along the Trinity, Red, and Arkansas Rivers in TX, OK, LA, and AR",$2.5 CI,13
"Winter Storm, Cold WaveDecember 1989",Winter Storm,"December 21, 1989","December 26, 1989","Winter storm and deep cold impacts the Northeast, South and Southeast. The states impacted include AL, AR, CT, FL, GA, IL, IN, KY, LA, ME, MO, MS, NC, NH, NY, OH, OK, PA, SC, TN, TX, VA, VT and WV.",$1.7* CI,100
Northern Plains DroughtSummer-Fall 1989,Drought,"June 1, 1989","November 30, 1989","Severe summer drought over much of the northern plains with significant losses to agriculture. The states impacted include CO, IA, IL, KS, MO, ND, NE, NV, SD, TX and UT.",$7.8 CI,0
Tropical Storm AllisonJune 1989,Tropical Cyclone,"June 26, 1989","June 28, 1989",Flooding from Tropical Storm Allison (1989) impacted Texas and Louisiana for days as Allison tracked inland. Most all of the damage was from flooding due to heavy rainfall with 20-25 inches in some locations. The slow progression of Allison also contributed to the increased rainfall totals.,$1.5* CI,11
Southern Derecho and Severe StormsMay 1989,Severe Storm,"May 1, 1989","May 6, 1989","A derecho caused high wind damage across much of Texas into Louisiana. Severe storms cause damage in states across the South and Southeast. The states impacted include OK, TX, LA, MS, GA, SC, NC and VA.",$1.4* CI,21
U.S. Drought/Heat WaveSummer 1988,Drought,"June 1, 1988","August 31, 1988","1988 drought across a large portion of the U.S. with very severe losses to agriculture and related industries. Combined direct and indirect deaths (i.e., excess mortality) due to heat stress estimated at 5,000.",$54.6 CI,454
"Winter Storm, Cold WaveJanuary 1985",Winter Storm,"January 19, 1985","January 22, 1985","Extreme cold and winter storms in the Southeast, South, Southwest, Northeast, Midwest, and North",$2.5* CI,150
Freeze/Cold WaveDecember 1983,Freeze,"December 15, 1983","December 25, 1983",Severe freeze damages citrus crops across central/northern Florida. Associated cold wave over much of the U.S. causes over 100 deaths and additional damages.,$6.5 CI,151
Hurricane AliciaAugust 1983,Tropical Cyclone,"August 17, 1983","August 20, 1983","Category 3 hurricane makes landfall near Galveston, Texas with maximum sustained winds 115 mph. Hurricane Alicia was the first hurricane to hit the United States mainland since Hurricane Allen in August 1980.",$9.5 CI,21
Severe StormsJune 1982,Severe Storm,"May 31, 1982","June 10, 1982","Severe storms cause damage across the South, Southeast and Central regions. The states impacted include AR, IL, KY, IN, SC, GA and OH.",$1.6* CI,30
Midwest/Plains/Southeast TornadoesApril 1982,Severe Storm,"April 2, 1982","April 4, 1982","Tornadoes and severe weather affect the states (AL, AR, CO, IA, IL, IN, KS, KY, LA, MI, MN, MO, MS, NE, OH, OK, PA, TN, TX, WI, WV) across the Midwest, Plains and Southeast.",$1.6* CI,33
"Midwest/Southeast/Northeast Winter Storm, Cold WaveJanuary 1982",Winter Storm,"January 8, 1982","January 16, 1982","Winter storm and cold wave affect numerous states (AL, AR, CT, DE, FL, GA, IA, IL, IN, KS, KY, LA, MA, MD, ME, MI, MN, MO, MS, NC, ND, NH, NJ, NY, OH, OK, PA, RI, SC, TN, TX, VA, VT, WI, WV) across the Midwest, Southeast and Northeast.",$2.2* CI,85
"Severe Storms, Flash Floods, Hail, TornadoesMay 1981",Severe Storm,"May 5, 1981","May 10, 1981","Severe storms cause damage across the Midwest and South. The states most impacted include TX, OK, KS, AL and LA.",$1.4* CI,20
Central/Eastern Drought/Heat WaveSummer-Fall 1980,Drought,"June 1, 1980","November 30, 1980","Central and eastern U.S. drought/heat wave caused damage to agriculture and other related industries. Combined direct and indirect deaths (i.e., excess mortality) due to heat stress estimated at 10,000.",$40.7 CI,1260
Hurricane AllenAugust 1980,Tropical Cyclone,"August 7, 1980","August 11, 1980","Category 3 hurricane makes landfall north of Brownsville, Texas with maximum sustained winds of 115 mph. Hurricane Allen causes rainfall up to 20 inches in southern Texas and storm surge as high as 12 feet along the coast.",$2.2* CI,13
